CustomerID,Age,IncomeLevel,LoyaltyScore,Recency,Frequency,Monetary,CLV,Segment,Churn
1,56.0,76.0,16.0,663.0818319566345,59.0,345.56896686672513,50041.11978939849,1,0
2,69.0,46.0,42.0,902.7325543005129,39.0,191.82971604195987,65486.97890826721,0,0
3,46.0,160.0,30.0,710.7116080730896,99.0,167.2284104243387,27209.4505106898,2,0
4,32.0,80.0,16.0,1280.7644668815146,54.0,298.41802897379324,42736.48890700623,1,0
5,60.0,310.0,12.0,738.9197349457079,98.0,385.0093989316809,69003.66723779934,2,0
6,25.0,86.0,17.0,935.8863544012355,55.0,387.571586240098,39384.958015718286,1,0
7,38.0,92.0,16.0,1168.0919323969317,52.793718196381334,335.61668772248424,56657.291422193426,1,0
8,56.0,148.0,12.0,815.3113976507306,22.0,304.8674838326826,61619.510801440054,3,0
9,36.0,161.0,8.0,1208.1635334941961,51.968071284970904,351.17376690790053,49246.37264947808,1,1
10,40.0,202.0,20.0,1478.8239206599446,56.0,214.46694856107416,49107.119659072996,0,0
11,28.0,242.0,3.0,1056.9135186176577,33.0,468.69878630253913,1380.9898989639114,1,0
12,28.0,353.0,16.0,1270.4832743705222,50.347549584165776,467.39384181225205,34634.185379985654,1,0
13,41.0,2.0,30.0,377.9737333190851,20.0,342.88123146206976,46211.4777291026,3,0
14,53.0,225.0,45.0,871.2844219456448,83.0,319.7300419992852,31283.252270527257,2,0
15,57.0,289.0,23.0,1055.470245078693,99.0,258.857902734063,74486.16955897454,2,1
16,41.0,233.0,28.0,684.1104764799079,81.0,352.8748845799661,28547.87933059051,2,1
17,20.0,77.0,40.0,1062.2948006212275,62.0,230.8682628983223,43399.332699545244,0,0
18,39.0,116.0,5.0,1317.982166817745,98.0,77.63879690044692,49204.57625303778,2,0
19,19.0,154.0,20.0,436.13181159699343,73.0,28.58926995089132,71619.09933599173,0,0
20,41.0,103.0,40.0,643.2781402588457,26.0,220.05016668365136,28462.06773230841,3,0
21,61.0,194.0,44.0,1055.4439812292555,66.0,315.63781229182774,67447.45628232439,1,0
22,47.0,166.0,1.0,1138.1259188320143,73.0,333.1971733953483,50153.4959152938,2,1
23,55.0,359.0,30.0,1221.4241124728953,73.0,251.32429914907152,35277.37023428074,2,0
24,19.0,90.0,21.0,1033.2668436663303,40.0,314.1835167142903,49516.18599508675,1,0
25,38.0,174.0,20.0,1138.4537215047426,17.0,272.5771642945469,52985.895433602054,3,0
26,50.0,122.0,6.0,1271.0442125622044,1.0,200.06872423498626,40996.74684261808,3,1
27,29.0,143.0,22.0,875.6625694689021,89.0,294.6255491030875,51047.031274850284,2,0
28,39.0,106.0,18.0,817.4241741980737,61.0,381.29571123656496,44220.2960470736,1,1
29,61.0,305.0,8.0,949.4480107195395,43.0,204.59382522536777,51702.76017876872,0,0
30,42.0,360.0,39.0,1059.846382683224,42.0,204.6395386980302,59931.9601178157,0,0
31,66.0,317.0,32.0,802.5179670396046,25.0,193.0749406047842,73790.25224218029,3,0
32,44.0,123.0,33.0,881.8728050580364,39.0,106.34812654918841,31432.767517597265,0,0
33,59.0,9.0,16.0,1119.3105311521888,51.954375174845474,251.97976258529812,49430.270446032955,0,0
34,45.0,262.0,12.0,1047.3252343089146,48.7304291629591,371.4086112952531,20718.68300716247,1,0
35,33.0,73.0,38.0,944.3988631552726,44.0,317.39160838337625,47723.22357446625,1,0
36,32.0,359.0,34.0,477.6792069812053,51.0,283.0749115943693,58824.75809726865,1,0
37,64.0,223.0,14.0,998.947602397438,94.0,312.9064798240169,54214.87801602549,2,0
38,68.0,41.0,36.0,708.9988097472872,98.0,251.10185125708418,40659.50720269109,2,0
39,61.0,204.0,33.0,1294.92481156177,12.0,105.21133627365279,46878.16624464087,3,0
40,69.0,264.0,23.0,907.3836540164477,19.0,378.37187818145657,42604.985980117504,3,0
41,20.0,328.0,45.0,701.1303831332439,52.02566497251872,407.11245737846514,49921.00281897128,1,0
42,54.0,178.0,2.0,981.5370178359854,59.0,227.1843223932213,62744.03145531537,0,0
43,68.0,348.0,41.0,1381.2098755276575,49.0,284.9164379393444,55355.23228947571,1,0
44,24.0,318.0,21.0,1189.2447547433858,61.0,276.300082893984,39606.35607109019,1,0
45,38.0,84.0,2.0,1065.9751451817801,17.0,335.12888094245415,63493.99813149876,3,0
46,26.0,318.0,27.0,602.1714822859431,74.0,468.989345662629,54609.49281314914,2,0
47,56.0,111.0,9.0,1486.4800299298965,57.0,415.9791245289306,62192.931782584405,1,0
48,35.0,251.0,1.0,813.5118477892291,55.0,262.3085774586104,59444.432628854185,0,0
49,21.0,7.0,11.0,1280.135173861703,47.0,354.2463861500237,37565.07483616892,1,0
50,42.0,84.0,3.0,902.3911364945756,12.0,425.43568685727126,41597.284397045456,3,0
51,31.0,208.0,23.0,1251.2523617449717,62.0,340.8345164394778,61209.40407684893,1,0
52,67.0,314.0,26.0,1392.0622287625822,80.0,299.53005955598275,59155.55398150197,2,0
53,26.0,22.0,4.0,1194.44118097226,88.0,344.6000094667186,49686.47609053778,2,0
54,43.0,3.0,18.0,1226.7564879279819,83.0,229.67284774365268,51759.91074963173,2,0
55,19.0,127.0,6.0,970.4683041533103,8.0,244.2718875895919,69164.97343682637,3,0
56,37.0,297.0,35.0,869.8101573781568,95.0,193.59657647989025,41126.42916746255,2,0
57,45.0,188.0,22.0,1041.489606935743,21.0,330.70645165702433,58206.460717550566,3,0
58,64.0,362.0,43.0,898.0256482692349,81.0,286.85970939777616,46967.110213491585,2,1
59,24.0,14.0,15.0,1740.1611132437476,87.0,217.68819386519203,46734.78195159169,2,0
60,61.0,12.0,22.0,702.292514052846,80.0,283.5820588379495,66481.65277980786,2,0
61,25.0,87.0,37.0,1300.6255649771228,70.0,346.999826076317,62381.245234820446,1,0
62,64.0,12.0,42.0,1155.159050361704,72.0,491.47123059979924,62202.644540009576,2,0
63,52.0,25.0,12.0,1068.9616624371813,25.0,401.2067864703858,69582.18210731493,3,0
64,31.0,301.0,47.0,1443.965829974152,52.14149642772575,71.58521425176599,50315.05762449138,0,0
65,34.0,243.0,49.0,1089.5132357803536,89.0,323.9308466820346,60229.294569424455,2,0
66,53.0,122.0,42.0,809.5279240772754,12.0,442.93242627128546,45345.99865109816,3,0
67,67.0,147.0,38.0,1087.5191131760223,15.0,166.21265087897675,49475.14064949955,3,1
68,57.0,55.0,18.0,945.0465193284314,59.0,355.1559270212424,48047.85418448473,1,0
69,21.0,238.0,45.0,1150.9854006449946,26.0,276.3357814468954,49332.41195358945,3,0
70,19.0,356.0,35.0,1243.9220894888497,26.0,415.0290530916161,58927.3553815537,3,0
71,23.0,173.0,30.0,742.2736172907792,47.0,340.4257195013452,37726.689751497914,1,0
72,59.0,221.0,24.0,1358.6008354008447,32.0,211.59845454407935,81385.8091352819,0,0
73,21.0,119.0,42.0,923.5300465394623,10.0,279.91485217093805,34909.73927750447,3,0
74,46.0,309.0,30.0,1133.0841768046535,50.00570036170931,285.83043239523766,31787.17080818402,1,1
75,35.0,183.0,14.0,1185.1090510962088,54.02957685669232,287.6821785189951,67371.66310250101,1,0
76,43.0,288.0,6.0,1110.216607189189,17.0,411.9262944775263,49339.17442428594,3,0
77,61.0,307.0,3.0,967.2674447042293,23.0,215.738007860977,59361.79725578232,3,1
78,51.0,300.0,16.0,853.4207254022008,26.0,400.3051309661184,59425.1826389642,3,0
79,27.0,82.0,7.0,919.3016478089976,85.0,269.775032407848,49816.29840729628,2,1
80,53.0,211.0,14.0,1469.5515797586631,86.0,322.3511106329165,36541.18442771253,2,0
81,31.0,150.0,9.0,740.2400688612822,7.0,307.2377586281034,51137.068372905895,3,0
82,48.0,37.0,15.0,784.2269986111102,14.0,297.81946619181656,39842.574327318325,3,0
83,65.0,352.0,21.0,771.0553530568857,79.0,298.63971655546777,64626.796001266266,2,0
84,32.0,312.0,35.0,1040.7261639752994,7.0,445.7358558271021,47794.13927746792,3,0
85,25.0,361.0,2.0,542.5883650036583,50.619200233521994,384.24499249061444,37617.54204811233,1,0
86,31.0,59.0,27.0,593.932043159682,48.0,263.728431042007,45179.2123752051,1,1
87,40.0,131.0,2.0,921.7135501122226,72.0,458.27872541220916,56193.97181413436,2,0
88,57.0,202.0,35.0,613.6673664105288,51.044234507323196,327.46810739928526,41544.13170794038,1,0
89,38.0,243.0,18.0,638.1186072151595,87.0,335.7624259323894,37666.69406650353,2,0
90,33.0,35.0,14.0,615.9194771911182,93.0,216.26809206686085,53655.30817237868,2,0
91,62.0,93.0,20.0,746.0164872600013,82.0,250.25013415948598,53674.49856663084,2,0
92,35.0,207.0,18.0,1219.3739520011218,95.0,231.14964920728244,42395.85236943305,2,0
93,64.0,353.0,10.0,1286.7123868363246,94.0,308.6072864993675,42934.425415725156,2,0
94,41.0,332.0,25.0,1575.7002679655816,39.0,363.8783079448209,53480.74906036454,1,0
95,43.0,305.0,2.0,1564.7085575540436,99.0,336.72322994222134,28278.734877540137,2,0
96,42.0,350.0,25.0,1235.893812964134,18.0,458.8044156069582,28888.043384351673,3,1
97,62.0,213.0,33.0,1308.3033024403094,59.0,211.22419947887647,39223.33668121346,0,0
98,58.0,159.0,36.0,1039.3306272057755,17.0,311.48690435388824,46798.292724322295,3,0
99,46.0,24.0,31.0,1155.9594556036807,14.0,171.70606707017052,54663.61348397007,3,0
100,32.0,293.0,14.0,1583.0809144549512,31.0,207.81290283967377,72130.34325424329,3,0
101,62.0,4.0,1.0,1111.3638604170492,24.0,426.45783773384636,62864.89434803029,3,0
102,18.0,220.0,46.0,1345.9715735635718,99.0,253.68351335285342,49078.448466177724,2,0
103,42.0,364.0,16.0,719.6945174264467,60.0,219.6636203939729,49714.75688145967,0,0
104,24.0,20.0,46.0,800.1283827225318,45.0,87.0023124417053,34962.05953043287,0,0
105,26.0,152.0,3.0,1093.6208793384903,98.0,218.66453522110825,49469.8975126902,2,0
106,41.0,50.0,35.0,1044.9795010190173,51.96412993941857,279.4719725805021,49517.50220029086,1,1
107,18.0,177.0,41.0,814.0197437785312,37.0,164.2597040213789,54840.778405071345,0,0
108,61.0,96.0,6.0,1722.2132751793656,43.0,273.7216611017531,37591.53584671515,1,0
109,25.0,105.0,25.0,1051.77823117446,40.0,427.06310606582235,57790.197713617585,1,0
110,41.0,250.0,13.0,867.1824843446014,90.0,229.26946596716672,72991.08369503866,2,0
111,28.0,117.0,34.0,1045.485648208189,55.0,205.66169506300645,48368.597773147136,0,0
112,68.0,354.0,8.0,1007.6280107834905,87.0,187.6098533134907,56025.67583148412,2,0
113,34.0,228.0,21.0,1056.3407643673265,39.0,185.82359074841997,60352.159875666686,0,0
114,25.0,66.0,34.0,521.8848953946901,15.0,353.5577446888429,43981.692921712456,3,0
115,52.0,335.0,4.0,1387.5840089700596,4.0,304.8668736883051,53361.38722715625,3,0
116,52.0,262.0,25.0,1404.648826131745,93.0,395.6856879275574,50188.88601172692,2,0
117,50.0,295.0,15.0,1441.0962316109458,86.0,501.9837891654255,51465.14147823248,2,0
118,22.0,243.0,4.0,1097.6295275608893,25.0,116.9608868090852,38404.853242168,3,0
119,59.0,186.0,45.0,1198.7443180493547,13.0,338.0078708441773,50367.652613884144,3,0
120,56.0,246.0,12.0,740.131915597825,82.0,188.13806655664402,57469.974368681746,2,0
121,58.0,125.0,32.0,1249.8697985792169,33.0,378.88992980334507,49173.59131597323,1,0
122,45.0,268.0,32.0,1075.5363120681818,16.0,272.8087998926564,64389.0623912781,3,0
123,24.0,131.0,28.0,861.8780153082273,42.0,302.73227608641736,82297.73686267334,1,0
124,26.0,237.0,13.0,1259.4234074922522,66.0,171.6822572070192,38489.78655667926,0,0
125,25.0,18.0,31.0,1271.03471082733,55.0,257.35729748868323,63084.80955081017,1,0
126,29.0,40.0,14.0,1018.1826507024799,52.326364781364845,308.966225110826,52750.130086075274,1,0
127,51.0,21.0,20.0,1131.514774038521,42.0,435.6078146806708,82847.04399826509,1,0
128,50.0,225.0,18.0,690.4848964199318,34.0,220.54394725914457,37875.525719672725,0,0
129,65.0,355.0,29.0,1372.9550311643075,30.0,244.9308428469687,37404.17236728836,3,0
130,40.0,282.0,6.0,730.3560435895295,51.00806001533578,394.42896421822815,41009.11031833967,1,0
131,41.0,8.0,32.0,788.3723055762473,13.0,214.06597163006893,18141.564135352895,3,0
132,54.0,100.0,29.0,1018.6946936291611,18.0,414.2385143974126,42113.674674788585,3,0
133,52.0,240.0,43.0,1334.3548852655379,32.0,299.0913425273744,38613.01007669453,1,1
134,61.0,87.0,2.0,1334.1845899646983,96.0,330.3122961591843,49093.92813242776,2,0
135,57.0,298.0,23.0,998.552613428461,99.0,336.75223025093703,55126.339636657394,2,0
136,39.0,14.0,19.0,1231.9040086761433,55.22748469944363,238.37794465933922,78142.56258823829,0,1
137,44.0,334.0,31.0,493.2824652013312,46.0,338.9886819472395,64256.35757279075,1,1
138,52.0,2.0,5.0,784.2040029611342,29.0,222.76302156856997,41346.44516506395,3,0
139,18.0,293.0,19.0,790.3148681609197,62.0,249.789699590112,36523.77992977463,0,0
140,52.0,325.0,34.0,1375.6638729279452,93.0,355.86909660332753,57378.78757259758,2,0
141,54.0,41.0,10.0,1196.3962488724023,62.0,329.3393955641903,30196.501894690366,1,0
142,64.0,318.0,25.0,1055.3958327713801,57.0,292.5035049160952,77471.8814878153,1,0
143,31.0,316.0,2.0,1084.5205191488121,16.0,174.12683507369894,67691.60181081931,3,0
144,20.0,111.0,11.0,1470.5017828090374,56.0,199.084171065037,42962.365218429426,0,0
145,18.0,14.0,31.0,948.9461000480345,10.0,327.67090439049844,49635.511593523166,3,1
146,22.0,231.0,15.0,605.7798074397881,30.0,373.2140563485116,70308.0856124812,1,0
147,43.0,84.0,9.0,1326.1585553185914,25.0,189.0354495479243,48281.902321210735,3,0
148,31.0,130.0,23.0,1054.5517111615181,54.14420527057309,216.01747525478322,68567.24467960192,0,0
149,56.0,231.0,19.0,1286.1015034497343,5.0,313.41851741777197,26083.585118084495,3,0
150,44.0,326.0,9.0,986.5705577840477,51.041860378457784,311.2787862629093,41009.374655693406,1,0
151,26.0,145.0,35.0,748.393142888832,94.0,137.60427912389588,49988.09380292245,2,0
152,32.0,345.0,21.0,1120.846516324893,49.0,316.1563013439989,50704.70890647113,1,0
153,32.0,28.0,9.0,1003.0525212224292,3.0,240.16321897697813,43249.01792781134,3,0
154,43.0,66.0,28.0,1055.4826848623227,45.0,464.1046629728958,49433.01479599381,1,0
155,59.0,163.0,46.0,1484.971148235225,14.0,324.9198542735656,33985.69355926108,3,1
156,30.0,229.0,7.0,670.3892567845899,30.0,342.14734498759026,47864.3077246806,3,0
157,68.0,261.0,16.0,1085.7755981427947,68.0,344.73593021906106,51804.434475678485,1,0
158,49.0,164.0,16.0,754.300992952397,18.0,178.60726193474358,57716.582510881235,3,0
159,56.0,301.0,33.0,222.83620806398267,62.0,494.3876893108603,60674.223171333346,1,0
160,66.0,303.0,4.0,985.3104432933328,37.0,137.70887525488266,33130.36862243196,0,0
161,69.0,287.0,4.0,1009.3068810999421,25.0,379.5703141699742,26988.287438965664,3,0
162,49.0,10.0,39.0,1187.0566308852276,48.0,361.8663937480649,49288.50834936069,1,1
163,21.0,195.0,40.0,934.7377754248168,65.0,252.299762008704,54984.71017969387,0,1
164,47.0,118.0,17.0,553.2998934628084,53.0,366.6450316713389,50183.20700319927,1,0
165,54.0,270.0,37.0,753.2705268235411,79.0,268.2426801176262,73267.27963283785,2,0
166,40.0,80.0,39.0,1395.0876510060111,52.25570467055965,232.45385551442217,51735.11951439288,0,0
167,56.0,93.0,29.0,749.0116212128107,15.0,346.95591693529275,67689.45776095739,3,0
168,62.0,266.0,36.0,1474.967658907752,49.0,199.34390089120978,48897.98378794357,0,0
169,32.0,332.0,38.0,1314.995287771415,88.0,277.57448412424304,80911.21887322981,2,0
170,60.0,350.0,39.0,904.6658186991791,68.0,240.58232512700425,76330.11263664806,0,1
171,46.0,361.0,37.0,781.2762510691903,12.0,266.4020490427055,46265.5377728139,3,0
172,53.0,257.0,35.0,1314.3738907391735,59.0,343.2728599130184,64573.56426431533,1,1
173,30.0,133.0,7.0,927.7266264719141,37.0,240.5633627653794,59680.639243777216,0,0
174,49.0,276.0,27.0,536.3049580900124,61.0,280.76760869276353,70529.47336298523,1,0
175,24.0,264.0,28.0,1168.6949861869775,43.0,249.68547480984185,35526.14809129843,0,0
176,68.0,171.0,22.0,1125.1790343574557,70.0,444.39966655745457,60290.77189997659,1,0
177,39.0,1.0,14.0,1341.3118608144334,39.0,334.26123982138904,65876.36730274382,1,0
178,45.0,313.0,7.0,1104.8784998080891,56.0,322.0069632966719,23618.907703653287,1,1
179,19.0,64.0,37.0,835.2559068862848,51.97535642855278,368.3418504623424,49783.41670440837,1,0
180,59.0,284.0,22.0,1380.9036518806402,46.0,240.58654232251135,19411.51733359849,0,1
181,62.0,121.0,5.0,1410.097129803653,88.0,385.92572249998403,45958.89748333163,2,1
182,23.0,107.0,2.0,1069.9617891955622,11.0,334.6177745832741,60763.133836939436,3,0
183,45.0,175.0,27.0,1018.0965743598916,62.0,143.91090972459347,72535.35578144042,0,1
184,45.0,204.0,21.0,603.0186930684686,77.0,157.19691668992354,51111.42170629663,0,1
185,61.0,165.0,38.0,817.7420972960572,98.0,242.77029472159342,74429.23318356938,2,0
186,61.0,305.0,15.0,1228.230892587806,25.0,167.89935041348298,29298.47812677663,3,0
187,37.0,120.0,21.0,832.8159098911898,71.0,276.1721539300417,24449.26340967268,1,1
188,47.0,44.0,10.0,562.9486391820033,52.0,198.6262008584136,49166.78451655072,0,0
189,28.0,312.0,23.0,2048.76333688003,4.0,290.22769469290813,55760.98173408961,3,0
190,45.0,156.0,39.0,560.9782124719934,59.0,441.1709375931456,49509.578778588606,1,1
191,42.0,207.0,5.0,1677.0254189302352,72.0,295.0623096443815,18988.36849940185,1,0
192,56.0,108.0,1.0,907.7729666205221,20.0,269.70355450980713,48663.19940730817,3,0
193,50.0,251.0,13.0,974.6311002568575,93.0,338.8242647785344,30432.957492427202,2,0
194,18.0,334.0,21.0,798.3165183437204,53.18843857977985,230.35802070773966,60045.08823245058,0,0
195,44.0,130.0,26.0,1234.8511494213676,54.0,384.34143093959995,55498.973691452724,1,0
196,69.0,293.0,45.0,568.0677360669747,74.0,349.5212953124112,35901.80320508967,2,1
197,30.0,20.0,21.0,447.9012891297484,51.08023035839405,303.8865562048564,42291.9962399496,1,0
198,58.0,282.0,18.0,1483.051458813582,51.971659052664734,315.43158316335865,48845.82471233978,1,0
199,20.0,285.0,37.0,758.8082803579066,90.0,504.1745910562852,49059.813540902425,2,0
200,56.0,1.0,45.0,1223.8264358619053,41.0,394.2312210267868,64327.134807518574,1,0
201,23.0,119.0,32.0,674.3631769311352,3.0,519.9526631161334,35214.10930496684,3,0
202,25.0,35.0,36.0,1212.5263128683746,6.0,353.20301932924525,57560.697732767665,3,1
203,44.0,198.0,17.0,1505.063949633535,5.0,152.83085573293118,42046.13572441339,3,1
204,26.0,245.0,35.0,841.863584375465,5.0,273.7826297136159,38106.907516064835,3,0
205,54.0,59.0,49.0,419.9676679642057,54.0,129.9795125451934,48394.544600681635,0,0
206,50.0,325.0,11.0,1506.6381739929716,47.0,352.8303034666918,34471.365163709386,1,1
207,68.0,161.0,21.0,1277.8732964574674,87.0,374.5404197345402,41695.26041979227,2,1
208,59.0,179.0,26.0,857.9286298686076,49.0,211.4084004040721,32031.831611167272,0,0
209,61.0,206.0,4.0,934.6143840194062,9.0,234.4363620353147,79470.87699374584,3,0
210,41.0,12.0,34.0,666.8043411250942,99.0,314.87508962352155,50528.95327957593,2,0
211,32.0,276.0,48.0,1426.0770797325881,20.0,180.1895936735782,39504.117380111216,3,1
212,49.0,181.0,18.0,839.5853176568064,61.0,172.68402307574672,53209.69866101333,0,0
213,49.0,242.0,40.0,574.387438735758,35.0,423.8632048041121,48315.07925463755,1,0
214,41.0,216.0,35.0,1064.0937644537414,50.0,311.47106181639685,46685.45600700165,1,0
215,58.0,251.0,41.0,741.995991526438,82.0,244.1890642294044,59212.50050065138,2,1
216,69.0,299.0,29.0,690.9956272410675,62.0,130.78811114427808,61362.61565070957,0,0
217,66.0,126.0,29.0,870.9702388714163,17.0,385.23513568944725,42042.48278584209,3,0
218,66.0,217.0,38.0,1025.9065946501112,88.0,231.54817877830308,41362.7263903298,2,0
219,69.0,306.0,42.0,585.6670732255759,3.0,486.0684445870539,45874.22454272534,3,0
220,29.0,285.0,21.0,1415.5446775636972,32.0,385.9310097693445,15471.18252896623,1,0
221,56.0,185.0,42.0,1203.1479136197363,99.0,219.1858145592731,27272.134067021718,2,1
222,19.0,39.0,13.0,890.3911027681806,13.0,228.45283028685282,70503.11401166787,3,1
223,20.0,223.0,49.0,728.9969541109006,89.0,472.18511629443316,74674.51570251926,2,1
224,66.0,184.0,41.0,973.2323641250007,73.0,291.57405531654956,46264.45940665432,2,1
225,54.0,178.0,17.0,1269.8305122267166,68.0,248.66887716766303,58648.35444583649,0,0
226,66.0,294.0,9.0,1223.3752081599037,14.0,302.772168847657,54668.75231815304,3,1
227,34.0,340.0,41.0,1317.5512901353534,98.0,248.20873499462098,96183.21212682856,2,0
228,66.0,151.0,1.0,855.8867527059034,11.0,324.1048477108165,66793.62367151865,3,0
229,19.0,126.0,2.0,122.52244624099694,56.0,292.4176378481737,48081.2361277885,1,1
230,19.0,301.0,48.0,1374.3433593748741,67.0,387.5507980511509,35666.89339099362,1,0
231,45.0,308.0,29.0,949.8411570782944,92.0,261.14258967608737,49631.25896067831,2,0
232,40.0,336.0,33.0,1199.8498196414987,29.0,211.5183633310353,53051.954538008344,3,0
233,54.0,234.0,10.0,1500.7686263920905,9.0,265.10153033764146,38654.73882073545,3,0
234,49.0,8.0,40.0,1730.3225899713045,49.65401025377069,264.49161017759536,28666.19435603489,1,0
235,50.0,341.0,21.0,805.0535565577538,50.94711857832177,292.24661848060066,40301.4067363621,1,1
236,18.0,129.0,28.0,1040.1879721496935,98.0,363.4540288057225,33776.779945784074,2,1
237,36.0,264.0,11.0,1410.0509381816337,76.0,357.99089674719204,75307.12452608848,2,0
238,19.0,157.0,34.0,746.7162944431013,42.0,419.9658675858568,63224.59635424176,1,0
239,61.0,352.0,8.0,825.3665218628715,9.0,218.85103222664756,49880.41038025074,3,0
240,43.0,358.0,22.0,823.5884264623376,79.0,338.87201230511084,72199.16208335038,2,1
241,49.0,5.0,8.0,991.5729059775933,52.13615055936286,372.7319847020715,51160.524614714275,1,0
242,23.0,86.0,49.0,933.962895913009,50.547903022670894,232.5779593688136,37080.73698007604,0,0
243,49.0,175.0,15.0,821.8614033231026,5.0,279.2368947017621,49812.757413412946,3,0
244,21.0,290.0,17.0,710.2727753181222,11.0,125.00221257812032,50012.64727224327,3,0
245,28.0,193.0,23.0,1243.5820985185874,59.0,390.68576951257353,34441.30768510315,1,0
246,34.0,311.0,24.0,1401.349306289835,98.0,278.4501797680131,47144.91982874588,2,1
247,55.0,119.0,45.0,1444.8144382517244,88.0,380.65641766809995,36865.726199228644,2,0
248,41.0,218.0,19.0,855.6779327846548,79.0,320.60495178795134,49757.068312623065,2,0
249,22.0,114.0,5.0,1256.1174016771834,38.0,281.48347710251267,63892.66321297462,1,0
250,69.0,145.0,32.0,1070.8977708183327,72.0,140.7197200647514,78641.24960705196,0,0
251,51.0,26.0,44.0,828.7985954160024,5.0,158.504738928356,29021.486392712883,3,0
252,23.0,136.0,1.0,1220.2654656124587,48.0,40.685381565825764,58444.538550358564,0,0
253,39.0,303.0,23.0,815.0184837863509,90.0,243.7386517171344,40240.361463172594,2,0
254,28.0,232.0,37.0,887.1470191654935,18.0,527.8248703181248,42693.11924352956,3,0
255,65.0,76.0,8.0,586.9810892489111,70.0,171.20526104820004,41114.09113641696,0,1
256,33.0,328.0,13.0,860.7336707700322,37.0,36.856811658009406,37040.138454802756,0,0
257,50.0,345.0,8.0,1076.1583627043756,60.0,396.2668919585532,50727.82441917241,1,1
258,26.0,302.0,23.0,1470.6803487032487,48.0,536.3717869296702,37535.748253834434,1,0
259,23.0,289.0,43.0,893.951366139494,77.0,329.7921065259803,54056.85238669758,2,0
260,33.0,1.0,1.0,688.5492558739198,51.97766143555235,328.873239471996,50023.35132579548,1,0
261,46.0,147.0,45.0,1449.2106912802374,69.0,269.0117926356249,46415.77929700386,1,0
262,20.0,287.0,24.0,848.6342688747347,77.0,120.574276948994,49828.45041778041,0,0
263,37.0,142.0,35.0,475.4855031577405,51.00007158981652,154.92880822565235,41348.43004147501,0,0
264,53.0,53.0,24.0,1039.9281205410352,40.0,268.32466706014816,61330.86838738634,0,0
265,36.0,304.0,17.0,902.5679580162475,45.0,249.15446599702562,57513.75781436571,0,0
266,43.0,69.0,5.0,1690.1186928055513,96.0,288.4827072230058,35336.67132802174,2,0
267,20.0,361.0,20.0,1142.6098103041636,62.0,382.9324823928159,51489.98458143839,1,0
268,36.0,90.0,21.0,956.0972939035491,93.0,241.8162168082979,49663.225304946165,2,0
269,37.0,220.0,40.0,722.6508372233191,58.0,384.9716756404611,24958.920783179423,1,0
270,49.0,192.0,31.0,1099.0500523578903,67.0,242.471029009723,58150.402885699026,0,0
271,24.0,63.0,46.0,1437.0129850185383,56.0,403.8239592865757,40060.643615812296,1,0
272,69.0,73.0,36.0,1093.544255043178,40.0,308.63675670734233,49431.1010070468,1,0
273,58.0,161.0,11.0,745.7710923646163,98.0,256.4169659078488,38551.11265186225,2,0
274,50.0,169.0,15.0,1161.6418635255861,40.0,306.92940605488894,22926.768490032213,1,1
275,57.0,89.0,19.0,985.4179315381554,51.975438750772646,270.6461157842433,49602.89554002794,1,1
276,56.0,176.0,7.0,1134.5839309954486,77.0,311.31342376799716,50721.27419992073,2,0
277,35.0,269.0,28.0,893.5577949447339,52.48539068651494,375.81061985174716,53895.83752582223,1,0
278,57.0,73.0,43.0,886.5114177216363,6.0,291.278440158435,36435.25062343387,3,0
279,18.0,245.0,5.0,874.6660607704661,88.0,263.0431147146219,59578.88688166061,2,0
280,28.0,77.0,5.0,1282.6714454492085,19.0,187.6483795089171,49205.461740648556,3,1
281,45.0,159.0,30.0,889.5324174276726,80.0,357.91780192917145,49008.80302029025,2,0
282,42.0,324.0,32.0,862.0807805877319,49.98714424684493,334.8272226402725,31834.75700356315,1,0
283,67.0,98.0,8.0,717.3802295312901,92.0,181.8057149072479,40222.45838296761,2,0
284,40.0,102.0,10.0,1136.2041405150303,97.0,383.54942779207613,50710.98006974621,2,0
285,48.0,132.0,38.0,1093.5105406393657,59.0,180.18159673976643,37093.799520740715,0,0
286,47.0,102.0,47.0,865.3695326534107,59.0,402.92217912338936,44231.66683655262,1,0
287,59.0,19.0,32.0,787.1863877326417,48.0,368.7863327187018,49858.33795599789,1,1
288,52.0,82.0,48.0,1562.8520239683135,41.0,341.966552259807,41346.62195715277,1,0
289,24.0,279.0,28.0,435.86708346254863,13.0,262.3004840832964,62535.38168097712,3,0
290,33.0,339.0,17.0,1147.9516009605163,45.0,357.5779782666453,49301.032684652375,1,1
291,43.0,331.0,31.0,1387.4210644648024,89.0,407.63719952411805,57947.06266872924,2,0
292,65.0,129.0,8.0,-16.04412844649005,53.0,359.23519211081737,71623.5293098685,1,1
293,69.0,344.0,40.0,1238.2420180228537,42.0,232.97499782737623,12925.332498090662,0,1
294,66.0,310.0,25.0,933.9236195511735,50.69737311580314,326.7406982355464,38046.57116794285,1,0
295,19.0,89.0,9.0,1076.8164592849778,63.0,413.2034986295036,58656.081907708096,1,0
296,18.0,213.0,2.0,903.028610643373,27.0,519.9098180556703,46954.31920935511,3,0
297,65.0,143.0,15.0,1322.618033693823,38.0,279.47870255008036,55567.188100569634,1,1
298,29.0,65.0,3.0,1108.9358025014071,60.0,385.78831061314304,49392.644038733575,1,0
299,22.0,76.0,49.0,1039.5159668602948,7.0,413.4480520084319,51298.8468120935,3,0
300,54.0,199.0,36.0,730.3418179124221,5.0,218.7595001010236,47664.84146911881,3,1
301,49.0,143.0,4.0,1564.6876701502565,45.0,478.2078318061481,67516.73092489711,1,1
302,26.0,316.0,14.0,1002.9793059199812,58.0,193.48153159165543,53816.31264951819,0,1
303,58.0,93.0,41.0,1686.9417392381376,52.66226526060255,380.8985515032976,55064.039931128034,1,0
304,52.0,305.0,41.0,1578.2708155534585,51.96781496587787,330.5319779547066,48696.576166049534,1,1
305,36.0,224.0,25.0,466.49470982038576,42.0,305.557555999816,42685.906638912595,1,0
306,65.0,291.0,10.0,803.516211759193,10.0,554.6833281448644,43511.627182705684,3,1
307,33.0,102.0,21.0,688.9146982075174,32.0,269.8744764673199,55916.78213567445,3,0
308,20.0,267.0,36.0,985.5381755538813,53.0,268.26544072713915,43685.232787696055,1,0
309,37.0,355.0,12.0,1056.1492061458487,52.56701292759065,433.1478807397795,54346.62285344619,1,0
310,41.0,110.0,27.0,1068.977940368029,39.0,376.1803778086783,81131.01197968159,1,0
311,50.0,330.0,40.0,1316.2386028056935,31.0,428.2098920958554,63066.87055147538,1,0
312,41.0,265.0,2.0,1448.0748307926608,82.0,311.6869382341113,45109.647017482384,2,0
313,69.0,3.0,13.0,1290.2463247715916,100.0,331.6942617012163,68018.20883245918,2,0
314,28.0,85.0,32.0,831.719435732876,2.0,490.0935612994574,43878.86940467673,3,0
315,66.0,282.0,31.0,765.3928404677681,78.0,216.40459204193036,19428.13197233219,2,1
316,25.0,328.0,16.0,1000.8285507651809,77.0,289.71229559083395,34878.70533623894,2,0
317,53.0,304.0,32.0,1127.8358579213984,93.0,379.82540714254446,21938.121184612166,2,0
318,55.0,117.0,32.0,945.0425962848633,12.0,280.41391799121624,44727.297739380374,3,0
319,57.0,221.0,34.0,596.3545491243333,39.0,242.98541207169646,50276.27568784328,0,0
320,37.0,154.0,11.0,1204.6178525730402,66.0,361.8484512786522,75146.55968412924,1,0
321,52.0,153.0,10.0,882.305569379829,96.0,433.58056664914943,54903.910606462436,2,0
322,65.0,12.0,15.0,873.246179673387,13.0,285.9165637194143,46713.49206786704,3,0
323,42.0,133.0,17.0,983.6161977825722,46.0,283.1410379189251,62441.083717752335,1,1
324,52.0,304.0,40.0,928.0303248759517,27.0,235.2311974316569,16832.970364881723,3,1
325,42.0,293.0,18.0,890.0496833463695,17.0,270.40231565942656,53534.21837162849,3,0
326,46.0,300.0,9.0,615.9624079200432,95.0,408.36060798301855,61562.9779083045,2,1
327,35.0,228.0,25.0,966.3257599145023,98.0,308.1062870693657,27821.206313302377,2,0
328,63.0,271.0,40.0,1210.8861375720603,60.0,219.50093390697117,67156.31064810394,0,0
329,35.0,43.0,14.0,1079.3932015363866,64.0,326.23623803236626,55077.44611241621,1,0
330,19.0,343.0,25.0,1284.4364317301934,88.0,405.11940109860404,43770.681291487985,2,0
331,52.0,326.0,22.0,781.436493303998,35.0,243.81143364525713,59491.72799159427,0,0
332,33.0,302.0,30.0,616.5824562646595,70.0,167.13947804044366,84060.39286706594,0,0
333,58.0,364.0,20.0,926.245006306601,83.0,519.0825159872752,52727.99382587743,2,0
334,53.0,21.0,21.0,815.7290144353909,30.0,162.1470649956753,53723.30879450504,0,0
335,50.0,107.0,44.0,846.8995050376757,71.0,264.09774361442146,43109.58650689634,0,0
336,21.0,336.0,32.0,1063.5249154243381,74.0,323.21285118586695,37252.33445802813,2,0
337,50.0,303.0,46.0,849.0758382686033,96.0,272.7572298755709,62455.03724816369,2,0
338,31.0,117.0,49.0,624.9794532380818,98.0,292.5089155344981,37158.74261136699,2,0
339,38.0,124.0,21.0,832.3015816354006,63.0,357.68381678745936,51073.49355829089,1,0
340,65.0,281.0,35.0,1102.0178100582405,51.25585572580101,60.82783422872063,42835.13829852325,0,0
341,37.0,292.0,32.0,1201.4441803020752,60.0,173.31055284761487,57184.697386195876,0,1
342,25.0,203.0,30.0,1198.4268352250042,79.0,304.4259386070329,55004.931579304226,2,0
343,24.0,51.0,39.0,1127.3419282743728,94.0,259.578298802639,65563.0991638685,2,0
344,20.0,271.0,49.0,949.5719602104267,37.0,312.94112582755974,42349.75401717879,1,0
345,34.0,324.0,12.0,1121.474229687739,93.0,322.7653282631304,45951.87597059943,2,0
346,50.0,277.0,41.0,987.2993025405289,22.0,88.40800045290078,35318.54426326539,3,0
347,65.0,141.0,47.0,1033.9288413460713,68.0,427.3640332151646,43335.60109885833,1,0
348,29.0,275.0,18.0,718.201978640218,20.0,250.17321168996503,55659.50739567279,3,0
349,68.0,290.0,21.0,1013.1624891282147,96.0,213.44868152239934,61354.829249680275,2,0
350,39.0,334.0,13.0,1113.5998702754234,100.0,320.83552959592794,49375.83666989583,2,0
351,39.0,52.0,21.0,1102.3381940319125,68.0,310.7160227782243,63044.088801584905,1,0
352,63.0,27.0,8.0,613.7442921822104,91.0,419.6690817654638,70334.56788207426,2,0
353,47.0,157.0,46.0,1028.8782329210146,52.74070101642285,327.1873162770017,56201.523548355515,1,0
354,55.0,239.0,40.0,566.833126760826,17.0,415.81108480243006,78151.937188371,3,0
355,55.0,156.0,46.0,1052.102993841558,12.0,206.18226245722946,38393.1620134464,3,0
356,62.0,291.0,7.0,789.5988425191858,22.0,314.1861055207499,31330.179450328746,3,0
357,68.0,136.0,23.0,1511.6928827576335,49.05017186540938,188.52522926751107,23319.19626643582,0,0
358,25.0,144.0,44.0,1035.772998788767,54.58362187311661,309.76758555602794,72440.66467233775,1,0
359,44.0,106.0,32.0,1240.3492059471769,65.0,288.5712044398114,59815.484845310864,1,0
360,44.0,158.0,11.0,1633.261791107284,22.0,284.2702574799097,49166.229936343174,3,1
361,51.0,146.0,22.0,754.7794566733837,90.0,285.14724476383674,54199.529394797304,2,0
362,38.0,2.0,22.0,1130.7024732717734,82.0,373.63894701845976,33117.66429052435,2,1
363,47.0,77.0,43.0,644.2266972301461,56.15458869875841,139.26403429974204,86686.27969425239,0,0
364,50.0,132.0,25.0,1103.4691024749757,52.26065827153959,210.02121372158274,51938.31772962841,0,0
365,45.0,90.0,22.0,1529.712779935121,64.0,295.94281732548245,51640.92191907339,1,0
366,64.0,345.0,28.0,811.6350356674632,47.0,182.133691052875,60886.49935848038,0,0
367,50.0,350.0,29.0,734.2137060116212,29.0,304.6114106201044,49905.469610953856,3,0
368,22.0,263.0,13.0,972.647729944431,76.0,294.91474787589254,53358.26036418697,2,0
369,65.0,351.0,18.0,1613.7451864264858,36.0,159.6243354947417,38142.88316832032,0,0
370,36.0,108.0,2.0,1231.3116759859765,99.0,154.68348537457223,57072.025357039936,2,0
371,21.0,74.0,29.0,728.5256043831969,52.0,37.621176445073445,78230.3674471255,0,0
372,52.0,39.0,21.0,1436.5181747445308,76.0,177.9329950318087,70181.30069232467,2,1
373,66.0,159.0,15.0,503.481102300044,7.0,301.43232582106,73897.79939959096,3,0
374,34.0,71.0,27.0,1640.9677386408175,29.0,315.61878229408774,42331.76485353222,3,0
375,61.0,312.0,31.0,1256.9352040045478,11.0,320.1899559628451,49152.92853401565,3,0
376,45.0,241.0,15.0,1529.0672320020153,33.0,222.20811873326193,48113.19619850528,0,0
377,47.0,298.0,23.0,505.66056748478945,6.0,298.16965159785104,50835.87368433042,3,0
378,46.0,36.0,24.0,1050.8325492579058,79.0,339.72446092414526,66412.87277706423,2,1
379,63.0,84.0,44.0,959.8333220302853,32.0,173.1964450498847,24613.03055427771,0,0
380,23.0,263.0,13.0,697.9061579660076,51.0,312.332907439054,72943.2547919092,1,0
381,52.0,310.0,22.0,611.1929139245824,75.0,365.64812118350915,47629.88152131516,2,0
382,58.0,172.0,43.0,1152.1243776278648,58.0,250.92278701771193,43596.7839507887,0,1
383,54.0,173.0,37.0,1179.3195124340873,87.0,406.2234330349603,34818.434371097486,2,0
384,41.0,362.0,33.0,1389.992214017726,26.0,253.256565617503,25177.14992201346,3,0
385,46.0,47.0,3.0,848.9736840019507,98.0,213.9939144876925,62347.55875942872,2,1
386,66.0,141.0,19.0,957.517056953257,46.0,355.684117855292,51099.76950782606,1,0
387,63.0,118.0,23.0,585.2620225161725,98.0,503.32937694664565,30650.58650388419,2,1
388,48.0,277.0,29.0,1462.2357435984247,29.0,308.5353618887809,30573.818419045758,3,0
389,52.0,214.0,30.0,1020.864426327173,4.0,363.490780411372,44963.229510648074,3,0
390,50.0,220.0,39.0,1216.7765504860317,81.0,249.1282778902156,49262.368283813914,2,0
391,69.0,26.0,44.0,1227.3716188333035,99.0,175.83837802039722,46106.12972954593,2,0
392,38.0,9.0,47.0,1437.7321471905934,13.0,316.6265645900734,27452.855703228408,3,1
393,49.0,271.0,25.0,750.580159819764,39.0,332.43999717879115,46313.85403871084,1,0
394,40.0,10.0,37.0,1209.2759801041534,15.0,264.20889096188375,49286.0147050767,3,0
395,50.0,121.0,47.0,992.4973881072875,29.0,363.1056518021506,9546.700355876426,3,0
396,20.0,125.0,8.0,1631.7031199021894,29.0,234.591999018568,49185.577002232814,3,0
397,35.0,170.0,42.0,749.690746301195,75.0,209.79137341482578,46535.98204686983,2,0
398,42.0,72.0,16.0,1351.4279043291617,53.236728655586774,406.0642930486165,60443.095472201276,1,0
399,59.0,152.0,8.0,1105.1025337685192,2.0,406.53476265416305,77734.34142418018,3,0
400,48.0,208.0,1.0,1089.3568282618064,47.0,236.56568941643215,66898.47544321636,0,0
401,20.0,49.0,44.0,1016.2062178142469,78.0,471.88504904048216,45966.669641677545,2,0
402,57.0,154.0,5.0,1403.9997468510362,84.0,271.28933074697505,33402.11136887495,2,0
403,63.0,347.0,3.0,1079.1555103221804,22.0,308.47828646439586,88600.3970487479,3,0
404,41.0,293.0,1.0,542.675398563707,75.0,291.53474581515724,50888.27651021732,2,1
405,67.0,68.0,4.0,1365.8510706136735,51.942400682130625,352.376021744568,49034.21551803665,1,1
406,49.0,50.0,40.0,1310.8605496395166,67.0,327.1421493800942,49638.12369334995,1,0
407,64.0,152.0,35.0,1176.1413052638543,81.0,325.7962161581658,52971.271411517824,2,0
408,39.0,19.0,32.0,661.4579110757361,56.0,198.0438368280114,47834.593821140865,0,0
409,40.0,100.0,42.0,708.0653919336039,92.0,131.14376832103156,41395.069896796456,2,0
410,19.0,60.0,34.0,436.7671344291673,51.02863100365611,414.2160028252862,41797.115881394115,1,0
411,44.0,167.0,43.0,1138.0989619539441,21.0,245.45540010602565,49508.70094676002,3,0
412,59.0,202.0,25.0,595.1353455476891,47.0,295.0966626566522,41848.62843299352,1,0
413,19.0,345.0,10.0,484.3747321413506,80.0,332.6798909889781,39307.313259842536,2,1
414,43.0,146.0,21.0,1382.4967357900132,59.0,462.9009603349268,51596.453415378455,1,0
415,34.0,164.0,46.0,1230.453869338854,84.0,316.1357924642508,46175.34173868717,2,0
416,57.0,242.0,39.0,900.0485005507219,6.0,260.5202437075903,72559.89482874033,3,0
417,50.0,69.0,27.0,959.7860250228414,19.0,247.64556187131427,10235.45287410482,3,0
418,26.0,175.0,27.0,277.7967379048174,57.0,296.2643158758061,66372.60277883692,1,1
419,60.0,49.0,2.0,1275.0234757177661,69.0,209.06352303593872,68691.27788746444,0,0
420,65.0,108.0,41.0,792.1805606533948,48.472459288191715,302.88757231490104,18899.146513877757,1,0
421,56.0,226.0,48.0,1099.0872589399423,51.472223487964726,294.7980311541986,44859.68608879477,1,0
422,46.0,161.0,13.0,253.43132146255482,58.0,464.15269486441514,44428.38701006313,1,0
423,59.0,119.0,9.0,1293.2704096484638,38.0,291.6398861409079,28887.32457923268,1,0
424,43.0,149.0,36.0,774.1465691842827,15.0,107.55118389511503,38332.74968613687,3,1
425,52.0,150.0,22.0,587.1873208631937,34.0,567.3510970396478,33341.36231801257,1,1
426,67.0,293.0,42.0,898.1195096534899,61.0,395.6833731156097,76284.05665135435,1,0
427,42.0,143.0,26.0,821.0814346193545,35.0,508.2348744095585,64035.17589721191,1,0
428,41.0,160.0,12.0,1322.28028387296,64.0,184.26800130155158,49145.24515968888,0,1
429,30.0,11.0,17.0,873.8814632915119,25.0,277.8173218743708,49766.841665398206,3,0
430,24.0,138.0,14.0,1408.7851079840102,24.0,367.44012414943194,48950.14052733467,3,0
431,53.0,78.0,14.0,1099.0427847367218,12.0,353.6391372284459,42132.196005803395,3,0
432,62.0,77.0,34.0,1268.3103661637124,18.0,330.6937707359552,57340.61841841877,3,0
433,37.0,254.0,20.0,999.3500640316341,15.0,80.03892814994461,31668.082866620818,3,0
434,18.0,258.0,11.0,1381.6176947019649,80.0,128.75605424356863,60694.97645258582,2,0
435,25.0,320.0,16.0,653.9128029151973,27.0,451.7520109063872,46395.119027627974,3,0
436,63.0,291.0,31.0,1034.0873372482981,72.0,469.53295328696896,44377.68788675604,2,0
437,33.0,263.0,6.0,881.0692511705755,60.0,289.33487085636045,60664.39952305237,1,0
438,31.0,85.0,19.0,1418.9885438521935,46.0,439.0427474406382,56663.9496722906,1,1
439,29.0,146.0,37.0,1449.7103213978278,89.0,197.6772233856702,44585.507512713804,2,1
440,68.0,323.0,4.0,1000.1263777711356,17.0,220.55739465313195,67389.94705046373,3,1
441,40.0,42.0,47.0,612.5466696712585,93.0,189.77196781368508,33784.05008600154,2,0
442,32.0,125.0,4.0,1128.1291950375003,53.0,215.00804543113537,59239.034104163955,0,0
443,45.0,167.0,20.0,500.61707948987004,8.0,372.26960095226195,58896.51886952575,3,0
444,51.0,241.0,10.0,1487.8428396349334,79.0,213.76476269365554,45356.803410290144,2,0
445,19.0,280.0,24.0,858.0489788091884,27.0,523.9743039927864,54891.99533363177,1,0
446,49.0,188.0,35.0,990.8289509747515,46.0,346.0070606347438,31233.296354220456,1,0
447,40.0,302.0,26.0,795.7146772579738,50.0,408.45270464950886,63860.40528810352,1,0
448,39.0,19.0,37.0,729.4655239897538,71.0,348.9940582800073,47226.46795335517,1,1
449,68.0,68.0,38.0,1221.1873949641156,3.0,421.4269650459279,42159.154692214404,3,0
450,42.0,218.0,21.0,952.4149968846035,93.0,213.20000004614528,65735.13838755334,2,0
451,39.0,102.0,40.0,1012.7447616769525,64.0,444.6933538199557,39434.84464185861,1,0
452,39.0,42.0,39.0,698.8326762343481,44.0,314.0938885591437,28873.080554546606,1,1
453,66.0,288.0,21.0,1256.8177670491118,53.0,420.9266110968739,26650.562397141442,1,0
454,69.0,167.0,10.0,1287.33692054106,24.0,156.04359466238157,59090.14927018459,3,1
455,59.0,109.0,38.0,937.3214539361268,60.0,318.05832066083633,30793.559712555754,1,1
456,23.0,36.0,46.0,1380.3766399995661,3.0,314.52387167816653,76321.91272976546,3,0
457,32.0,232.0,4.0,968.7627537326432,20.0,238.07635350205584,18771.058881744168,3,0
458,60.0,229.0,45.0,1233.9266488866463,46.0,331.3118829747264,75446.84552435057,1,0
459,54.0,353.0,20.0,513.1217257509707,52.38027827485613,453.96068480015145,53165.26200803927,1,0
460,50.0,164.0,17.0,1106.0292599459237,25.0,230.38476410368787,48549.30332194411,3,0
461,25.0,73.0,7.0,918.5555597179196,51.08072484751246,396.1854356204939,41826.21369786575,1,0
462,61.0,136.0,4.0,1046.6567277864988,78.0,187.25769438534917,55987.04171528106,2,1
463,61.0,353.0,29.0,1033.2047216967478,71.0,510.94445946424594,49435.47946362727,2,1
464,22.0,70.0,14.0,1037.7099466530951,53.900118617469396,378.46003184367083,66549.52823024782,1,0
465,56.0,196.0,3.0,1184.710218808766,84.0,472.51173322585726,51713.41472993059,2,0
466,21.0,269.0,24.0,830.4479105182063,100.0,367.20605190937675,52254.52642192817,2,0
467,23.0,49.0,37.0,1170.723777860693,9.0,339.06131777293615,44545.81681679216,3,0
468,62.0,316.0,16.0,1369.757464935372,38.0,379.2932940485918,49145.81564418399,1,0
469,49.0,130.0,4.0,576.957698505903,48.0,286.35525366458285,54617.026533380886,1,0
470,69.0,5.0,24.0,765.8379705312024,49.072340693063886,138.2166094441678,24347.474110150615,0,0
471,47.0,27.0,34.0,778.4393723496441,63.0,344.7399346466792,29777.218668414305,1,0
472,64.0,160.0,30.0,672.3862601647122,86.0,224.4496665400245,61148.96141034072,2,1
473,52.0,149.0,18.0,857.5906691088824,2.0,189.83380846205978,52562.981571919125,3,0
474,57.0,264.0,19.0,1309.9355546199522,88.0,363.629316843861,47240.24995470981,2,0
475,69.0,230.0,31.0,1434.2760773537284,72.0,272.0891525100306,50276.5089959809,1,0
476,33.0,200.0,19.0,1031.8524909239507,11.0,402.77044066056897,55213.72558042507,3,0
477,30.0,50.0,49.0,902.7291967455399,64.0,221.10592312409295,49742.35455108499,0,0
478,67.0,67.0,46.0,1240.877190724198,77.0,252.91710234861733,38325.42911896531,2,0
479,59.0,300.0,19.0,290.809451724346,81.0,415.0296026301394,52937.67882646522,2,0
480,47.0,58.0,22.0,683.4464583690525,72.0,327.9842660997609,35324.40833577452,1,0
481,36.0,259.0,24.0,303.5108779900254,21.0,152.26719590938603,56123.79133571708,3,0
482,34.0,342.0,45.0,680.2900847933674,18.0,325.7760882860111,24461.245936432395,3,0
483,36.0,326.0,12.0,769.8947419294,94.0,448.12385485888035,49822.016549209926,2,0
484,45.0,130.0,30.0,1443.3045633813035,64.0,252.1422555378533,57088.96223619564,1,1
485,43.0,215.0,38.0,171.68141015320316,82.0,359.80576964529087,53840.44601470813,2,0
486,54.0,172.0,31.0,874.9892199296999,95.0,215.0613084844095,64740.36475918271,2,1
487,43.0,258.0,36.0,1185.869941653432,38.0,286.3216725030571,74982.11666693864,1,0
488,40.0,102.0,19.0,1123.219198980728,32.0,408.98355364504334,49349.76525182179,1,1
489,26.0,209.0,48.0,1438.5214400604682,11.0,321.92316677549735,22386.88653002532,3,0
490,29.0,291.0,45.0,1048.3154435789766,45.0,428.92698627156364,30806.345498964478,1,0
491,18.0,354.0,36.0,1112.2834541443435,89.0,342.53024042278616,40627.72133456482,2,0
492,18.0,286.0,30.0,448.4479504592349,33.0,521.8739677200842,50391.36575316251,1,0
493,64.0,116.0,49.0,703.5193425469573,41.0,143.50866307807306,57764.88530703685,0,0
494,51.0,264.0,33.0,465.1885769655929,8.0,278.28066499390354,50308.00302549152,3,0
495,49.0,150.0,18.0,1171.7824323742298,11.0,191.54662067079488,52801.50146715617,3,0
496,65.0,300.0,49.0,1104.6071355271738,86.0,198.37508255417507,49428.58256106089,2,0
497,42.0,36.0,28.0,1094.0613901850545,51.0,199.28163061939603,40827.23295512078,0,0
498,57.0,333.0,47.0,735.5699174625777,88.0,316.77258220512203,28900.083547276667,2,0
499,62.0,287.0,11.0,708.1150662050004,41.0,322.63009348218674,36151.50130833643,1,0
500,18.0,303.0,45.0,1062.8340796889252,17.0,342.74559249951164,29724.730915754997,3,0
